KnowledgeID,Category,KnowledgeName,KnowledgeDetail,ReferenceFile
152ea2b9-256c-44a3-ae5a-d6e785439f00,วิธีทำคืน Asset ในระบบ,คืน Asset ในระบบ (Return),"1. Login i-Solution ผ่าน https://mfecerpmfec.co.th 2. เลือกเมนู I-Asset 3. เลือกรายการที่ต้องการคืนแล้วกด Transfer 4. เลือกเมนู Return คืน IT, ระบุ Location (อาคาร LPN ชั้น 21) และ Remark (เช่น คืนของ IT Support ตึก LPN 21) แล้วกด Save 5. กด Transfer และ Transfer อีกครั้ง 6. แจ้งหัวหน้า Approve",main/วิธีทำคืน Asset ในระบบ/How to transfer-return-split ERP.pdf; main/วิธีทำคืน Asset ในระบบ/วิธีทำคืน Asset ในระบบ.docx; main/วิธีทำคืน Asset ในระบบ/วิธีทำคืน Asset ในระบบ.pdf
bb477b3f-9de4-4e15-845e-7d8553fcb7bb,วิธีทำคืน Asset ในระบบ,ขั้นตอน Transfer/Return/Split,"1. Login ผ่าน https://mfecerp.mfec.co.th/ 2. เลือกเมนู I-Asset 3. เลือกรายการที่ต้องการดำเนินการ 4. เลือกเมนูที่ต้องการ (Use/Repair, Return, Split) 5. กรอกรายละเอียดและกด Transfer ยืนยัน 6. รายการจะอยู่ใน Pending transfer รอการอนุมัติ",main/วิธีทำคืน Asset ในระบบ/How to transfer-return-split ERP.pdf; main/วิธีทำคืน Asset ในระบบ/วิธีทำคืน Asset ในระบบ.docx; main/วิธีทำคืน Asset ในระบบ/วิธีทำคืน Asset ในระบบ.pdf
8535ad61-3b00-4e9b-95ad-c1aa64a52830,"คู่มือติดตั้ง Printer ของ LPN, SJ",ติดตั้ง Printer Kyocera (LPN & SJ),เข้าถึง Shared Folder โดยพิมพ์ \\10.6.100.106 ใน Run App และ Login ด้วย Username ของตนเอง จากนั้น Copy ไฟล์ Setup All printer จาก Share_File_IT_Support ไปไว้ที่ Desktop แล้วดับเบิ้ลคลิกเพื่อติดตั้ง เลือกชั้นที่จะติดตั้ง printer โดยพิมพ์ตัวเลขตามที่กำหนด และกด N กับ Enter เพื่อออกจาก cmd,"main/คู่มือติดตั้ง Printer ของ LPN, SJ/คู่มือติดตั้ง printers.pdf"
0c2cfbbe-1221-491b-a871-e0ccccf829eb,"คู่มือติดตั้ง Printer ของ LPN, SJ",ตั้งค่า Printer หลังติดตั้ง,หลังติดตั้ง printer ให้ไปที่ Control Panel -> View devices and printers คลิกขวาที่ printer ที่ติดตั้ง เลือก Printer properties -> Preferences... ตั้งค่าหน้ากระดาษเป็น A4 (100%) และเลือกสีเทา,"main/คู่มือติดตั้ง Printer ของ LPN, SJ/คู่มือติดตั้ง printers.pdf"
05de660e-d5a6-4ae0-b6ff-eae6bd7f9116,"คู่มือติดตั้ง Printer ของ LPN, SJ",ตั้งค่า Job Accounting,ใน Printer properties ไปที่แท็บ Device Settings เลือก Administrator ติ๊กถูกที่ Job accounting และใส่ cost center ของทีมตัวเอง,"main/คู่มือติดตั้ง Printer ของ LPN, SJ/คู่มือติดตั้ง printers.pdf"
da9ccef6-8e03-4b41-a651-0b88c99bfd28,Change password,ขั้นตอนการเปลี่ยนรหัสผ่าน MFEC,"1. เข้าเว็บไซต์ https://ampm.mfec.co.th/signfront/authen/login
2. เลือก Change Password (MFEC)
3. กรอกข้อมูล: Account (Username), Old Password, New Password, Confirm New Password
4. กด Change Password",main/Change password/How to change password.pdf
38425fec-0ffa-4b68-90fe-cfdfeb48e3db,Change password,ข้อกำหนดรหัสผ่านใหม่,"1. ความยาวอย่างน้อย 8 ตัวอักษร
2. มีอักขระพิเศษ (@, #, $, %, etc.)
3. มีตัวอักษรพิมพ์เล็ก, พิมพ์ใหญ่ และตัวเลข
4. ไม่ซ้ำกับรหัสผ่านเก่า 3 ครั้งล่าสุด
5. ไม่มีชื่อผู้ใช้ในรหัสผ่าน",main/Change password/How to change password.pdf
b5ceda17-a9c6-41bb-8c2f-1a18fbcca7bc,คู่มือ Disable AD พนักงานลาออก,เข้า Admin Center,เข้า Admin center ผ่าน outlook on web ที่ https://admin.microsoft.com/AdminPortal/Home#/homepage,main/คู่มือ Disable AD พนักงานลาออก/คู่มือ Disable AD พนักงานลาออก.pdf
89f77286-a2c3-473d-a10c-35304811013d,คู่มือ Disable AD พนักงานลาออก,เข้า Exchange Admin Center,จาก Admin center เลือก Show all -> Exchange เพื่อเข้า Exchange admin center (https://outlook.office365.com/ecp/?rfr=Admin_o365&exsvurl=1&mkt=en-US&Realm=mfec.co.th),main/คู่มือ Disable AD พนักงานลาออก/คู่มือ Disable AD พนักงานลาออก.pdf
0cb1d4df-ffab-4d3f-8378-7cb069723738,คู่มือ Disable AD พนักงานลาออก,Backup Mailbox เป็น Shared Mailbox,ใน Exchange admin center เลือก Mailboxes -> ค้นหาอีเมลพนักงาน -> Convert to Shared Mailbox เพื่อสำรองอีเมล (กรณีพนักงานกลับมาทำงาน),main/คู่มือ Disable AD พนักงานลาออก/คู่มือ Disable AD พนักงานลาออก.pdf
67f243e5-a4dc-496c-bba0-5365c8f44248,คู่มือ Disable AD พนักงานลาออก,ถอด Licenses พนักงาน,กลับไปที่ Admin center -> Users -> Active Users -> ค้นหาอีเมลพนักงาน -> Licenses and Apps -> เอา Licenses ออก -> Save changes,main/คู่มือ Disable AD พนักงานลาออก/คู่มือ Disable AD พนักงานลาออก.pdf
13cdc9eb-5fb0-40fa-9c86-7f48e18c193e,คู่มือ Disable AD พนักงานลาออก,Block Sign-in,หลังจากถอด Licenses แล้ว ให้ Block Sign-in โดยเลือก Block this user from signing in -> Save changes,main/คู่มือ Disable AD พนักงานลาออก/คู่มือ Disable AD พนักงานลาออก.pdf
37e15c67-8224-4a03-9da9-2fa0222a6612,คู่มือ Disable AD พนักงานลาออก,Find User บน AD Server,บน AD Server คลิกขวาที่ Employee -> Find -> ใส่ชื่อพนักงาน -> Find Now -> ดับเบิ้ลคลิกที่ชื่อ User (ไม่มีลูกศรที่ไอคอน),main/คู่มือ Disable AD พนักงานลาออก/คู่มือ Disable AD พนักงานลาออก.pdf
fe2e522c-62f8-4b3c-8ad1-fb6cb18c9182,คู่มือ Disable AD พนักงานลาออก,ลบ Group Memberships,ใน AD User เลือก Member Of -> ลบ Group ต่างๆ ให้เหลือแค่ Domain Users -> Apply,main/คู่มือ Disable AD พนักงานลาออก/คู่มือ Disable AD พนักงานลาออก.pdf
a15a1f11-5b25-4d6d-a853-2b226c3257e3,คู่มือ Disable AD พนักงานลาออก,Clear Manager,ใน AD User เลือก Organization -> Clear ช่อง Manager -> Apply (ข้ามขั้นตอนนี้ถ้าไม่มีข้อมูล Manager),main/คู่มือ Disable AD พนักงานลาออก/คู่มือ Disable AD พนักงานลาออก.pdf
e8b664ec-e0cc-4b41-9b7a-c4c542c9f3a3,คู่มือ Disable AD พนักงานลาออก,Disable Account และ Move User,คลิกขวาที่ User -> Disable Account -> Move -> เลือก Folder Employee>>Disbled>>Employee_leave2020 -> OK,main/คู่มือ Disable AD พนักงานลาออก/คู่มือ Disable AD พนักงานลาออก.pdf
37d23742-ef78-4aa9-ae18-59381475f099,คู่มือ Disable AD พนักงานลาออก,ลบ proxyAddresses,ใน AD User ที่ถูกย้ายไปแล้ว เลือก attribute Editor -> หา proxyAddresses -> Edit -> ลบ Values Smtp: ทั้งหมด -> OK -> Apply -> OK,main/คู่มือ Disable AD พนักงานลาออก/คู่มือ Disable AD พนักงานลาออก.pdf
fa4966a2-d2ab-4b6e-9b86-2ff3d0b2c297,คู่มือ Disable AD พนักงานลาออก,Sync ข้อมูลด้วย PowerShell,เปิด Windows PowerShell -> copy command (จากไฟล์บน Desktop) -> วาง command -> กด Enter เพื่อ Sync ข้อมูล,main/คู่มือ Disable AD พนักงานลาออก/คู่มือ Disable AD พนักงานลาออก.pdf
64960e6a-4cd0-41c6-825b-a4766360e5d3,คู่มือ antivirus trend micro,การติดตั้ง Trend Micro (Windows) - เริ่มต้น,ผู้ใช้ที่บ้านต้องต่อ VPN ก่อนเข้า Network บริษัท จากนั้นดาวน์โหลดโปรแกรมติดตั้งจาก URL ที่ให้ไว้,main/คู่มือ antivirus trend micro/คู่มือ antivirus trend micro macbook.pdf; main/คู่มือ antivirus trend micro/คู่มือ antivirus trend micro windows.pdf
1cd00bdf-e0e8-4fa5-9663-fa3f8dd02b2b,คู่มือ antivirus trend micro,การติดตั้ง Trend Micro (Windows) - เลือก Installer,หลังจากเข้าสู่หน้าดาวน์โหลด ให้เลือก Installer ที่ต้องการ (ส่วนใหญ่เป็น 64 bit),main/คู่มือ antivirus trend micro/คู่มือ antivirus trend micro macbook.pdf; main/คู่มือ antivirus trend micro/คู่มือ antivirus trend micro windows.pdf
0bbc9991-8a75-4de8-bd75-05c37fddf8fa,คู่มือ antivirus trend micro,การติดตั้ง Trend Micro (Windows) - ติดตั้งโปรแกรม,เมื่อดาวน์โหลดเสร็จ ให้รันโปรแกรม installer และทำตามขั้นตอน Next > Next > Yes > Finish,main/คู่มือ antivirus trend micro/คู่มือ antivirus trend micro macbook.pdf; main/คู่มือ antivirus trend micro/คู่มือ antivirus trend micro windows.pdf
11829ab3-f37a-4668-9160-13f4567c35bc,คู่มือ antivirus trend micro,การติดตั้ง Trend Micro (Windows) - Restart,หลังติดตั้งเสร็จ โปรแกรมจะให้ Restart เครื่องคอมพิวเตอร์,main/คู่มือ antivirus trend micro/คู่มือ antivirus trend micro macbook.pdf; main/คู่มือ antivirus trend micro/คู่มือ antivirus trend micro windows.pdf
7505430a-c30e-4ca3-8425-414531443a2a,คู่มือ antivirus trend micro,การใช้งาน Trend Micro (Windows) - Scan,หลัง Restart ให้เปิดโปรแกรม Trend Micro และทำการ Scan เครื่อง โดยเลือก Scan ทั้งหมด (Full Scan) หลังสแกนเสร็จ ให้ Restart เครื่องอีกครั้ง,main/คู่มือ antivirus trend micro/คู่มือ antivirus trend micro macbook.pdf; main/คู่มือ antivirus trend micro/คู่มือ antivirus trend micro windows.pdf
49a20192-aaff-4d45-af3f-06a37b67ddb0,คู่มือ antivirus trend micro,การติดตั้ง Trend Micro (Mac) - เริ่มต้น,ผู้ใช้ที่บ้านต้องต่อ VPN ก่อนเข้า Network บริษัท จากนั้นดาวน์โหลดโปรแกรมติดตั้งจาก URL ที่ให้ไว้,main/คู่มือ antivirus trend micro/คู่มือ antivirus trend micro macbook.pdf; main/คู่มือ antivirus trend micro/คู่มือ antivirus trend micro windows.pdf
608a8100-598a-4814-b30d-c1e9a1452ea2,คู่มือ antivirus trend micro,การติดตั้ง Trend Micro (Mac) - ติดตั้งโปรแกรม (.pkg),เปิดไฟล์ tmsminstall.pkg ใน Finder แล้วกด Allow > Continue > Install ใส่ Password เครื่อง Mac,main/คู่มือ antivirus trend micro/คู่มือ antivirus trend micro macbook.pdf; main/คู่มือ antivirus trend micro/คู่มือ antivirus trend micro windows.pdf
58cfde88-7555-42fa-ab77-ac37dc69f79a,คู่มือ antivirus trend micro,การติดตั้ง Trend Micro (Mac) - การให้สิทธิ์,หลังติดตั้งเสร็จ ให้กด OK หลายครั้ง และ Move to Trash หลังจากนั้นให้ Continue แล้วกด Open Security & Privacy ปลดล็อคกุญแจ และใส่ Password เครื่อง,main/คู่มือ antivirus trend micro/คู่มือ antivirus trend micro macbook.pdf; main/คู่มือ antivirus trend micro/คู่มือ antivirus trend micro windows.pdf
2379b221-ca3f-4a0a-98d7-0723917b4d65,คู่มือ antivirus trend micro,การติดตั้ง Trend Micro (Mac) - Details & Allow,ใน Security & Privacy ให้กด Details แล้วติ๊กถูก iCore Service ทั้งหมด และกด OK จากนั้นกด Allow,main/คู่มือ antivirus trend micro/คู่มือ antivirus trend micro macbook.pdf; main/คู่มือ antivirus trend micro/คู่มือ antivirus trend micro windows.pdf
ff501928-0dcd-4c81-9261-1db7de921d80,คู่มือ antivirus trend micro,การติดตั้ง Trend Micro (Mac) - Full Disk Access,ไปที่ Privacy > Full Disk Access แล้วติ๊กถูก Trend Micro Extension หากมีหน้าต่างขึ้นมาให้กด Later,main/คู่มือ antivirus trend micro/คู่มือ antivirus trend micro macbook.pdf; main/คู่มือ antivirus trend micro/คู่มือ antivirus trend micro windows.pdf
f0301ff8-a301-4ae0-9baf-39f91119dd8e,คู่มือ antivirus trend micro,การติดตั้ง Trend Micro (Mac) - เพิ่ม iCore Service และ Apex One (Mac) Security Agent ใน Full Disk Access,เพิ่มไฟล์ iCore Service และ Apex One (Mac) Security Agent เข้าไปใน Full Disk Access โดยลากไฟล์จาก Open File Location เข้าไป แล้วกด Later,main/คู่มือ antivirus trend micro/คู่มือ antivirus trend micro macbook.pdf; main/คู่มือ antivirus trend micro/คู่มือ antivirus trend micro windows.pdf
83868c9b-fd89-4dbd-9de1-99c898ffd01d,คู่มือ antivirus trend micro,การติดตั้ง Trend Micro (Mac) - Restart,หลังจากการตั้งค่าเสร็จสิ้น ให้ Restart เครื่อง MacBook 1 รอบ,main/คู่มือ antivirus trend micro/คู่มือ antivirus trend micro macbook.pdf; main/คู่มือ antivirus trend micro/คู่มือ antivirus trend micro windows.pdf
df84bc4e-7bb6-4014-a9db-b8e1d7f92d82,คู่มือ antivirus trend micro,ข้อกำหนดของระบบ - Apex One (Mac),"ระบบปฏิบัติการที่รองรับ: macOS Mojave 10.14 ขึ้นไป, Processor: Intel Core, RAM: 512MB ขั้นต่ำ, พื้นที่ว่าง: 512MB ขั้นต่ำ",main/คู่มือ antivirus trend micro/คู่มือ antivirus trend micro macbook.pdf; main/คู่มือ antivirus trend micro/คู่มือ antivirus trend micro windows.pdf
6806664f-cce2-4355-8421-85c2c4fa16be,เอกสารAudit_Passwordและคู่มือ,คู่มือการเปลี่ยน Password,"คู่มือนี้อธิบายขั้นตอนการเปลี่ยน Password สำหรับผู้ใช้งาน MFEC โดยเริ่มจากการเข้าเว็บไซต์ AM PM, เลือกประเภทการเปลี่ยน Password (MFEC หรือ บริษัทในเครือ), และทำการเปลี่ยน Password ในหน้าเว็บที่กำหนด หลังจากเปลี่ยนแล้ว รอรหัสผ่านอัพเดท 5 นาที",main/เอกสารAudit_Passwordและคู่มือ/Audit_Password.xlsx; main/เอกสารAudit_Passwordและคู่มือ/audit_password_5-12-2022.xlsx; main/เอกสารAudit_Passwordและคู่มือ/คู่มือเปลี่ยนPassword.docx
a91214bb-826d-4e97-9b0b-59dcebcba908,เอกสารAudit_Passwordและคู่มือ,คำแนะนำด้านความปลอดภัยของ Password,คำแนะนำคือ ไม่ควรใช้คำว่า 'Password' เป็นรหัสผ่าน เนื่องจากง่ายต่อการถูกแฮกเกอร์คาดเดา,main/เอกสารAudit_Passwordและคู่มือ/Audit_Password.xlsx; main/เอกสารAudit_Passwordและคู่มือ/audit_password_5-12-2022.xlsx; main/เอกสารAudit_Passwordและคู่มือ/คู่มือเปลี่ยนPassword.docx
32ba5009-b6eb-449f-b8c8-24b1aeec7795,เอกสารAudit_Passwordและคู่มือ,สถานะ Account ผู้ใช้งาน MFEC,"มีข้อมูล Account ผู้ใช้งาน MFEC จำนวนมาก พร้อมรายละเอียดเช่น accountName, UPN, pwdLastSet, lastLogin, และ accountDisabled รวมถึงสถานะการติดตามการเปลี่ยนรหัสผ่าน",main/เอกสารAudit_Passwordและคู่มือ/Audit_Password.xlsx; main/เอกสารAudit_Passwordและคู่มือ/audit_password_5-12-2022.xlsx; main/เอกสารAudit_Passwordและคู่มือ/คู่มือเปลี่ยนPassword.docx
d9caaa06-2e87-4df0-93f4-ac2f29b247cc,เอกสารAudit_Passwordและคู่มือ,Account ที่ยังไม่ตอบสนองต่อการเปลี่ยน Password,มี Account จำนวน 19 Account ที่ยังไม่ตอบสนองต่อการแจ้งเตือนการเปลี่ยน Password และจะดำเนินการเปลี่ยน Password ให้ หากยังไม่ตอบกลับภายในวันที่ 4/5/2022,main/เอกสารAudit_Passwordและคู่มือ/Audit_Password.xlsx; main/เอกสารAudit_Passwordและคู่มือ/audit_password_5-12-2022.xlsx; main/เอกสารAudit_Passwordและคู่มือ/คู่มือเปลี่ยนPassword.docx
109d9ecf-b3c5-40b5-a149-60d59bb57fcb,BYOD on AMPM,BYOD Registration Process,"ขั้นตอนการสมัคร BYOD บน MPM:
1. Login ที่ ampm.mfec.co.th
2. เลือก MPM Application
3. คลิก Tab BYOD
4. กรอกข้อมูลในฟอร์มให้ครบถ้วน รวมถึงข้อมูล Asset ที่ถือครอง (ถ้ามี)
5. กด OK เพื่อบันทึกข้อมูล
6. กด Submit เพื่อส่งให้หัวหน้างานและ IT อนุมัติ",main/BYOD on AMPM/Manual BYOD On MPM By Sense.pdf
8ec5a5e0-155b-4cab-9d6e-a82c94f1fcb5,BYOD on AMPM,BYOD Approval Process,"ขั้นตอนการอนุมัติ BYOD:
1. เมื่อมีผู้สมัคร Submit BYOD จะมีอีเมลแจ้งเตือน
2. คลิก Link ในอีเมลเพื่อไปยัง MPM
3. คลิก View เพื่อดูรายละเอียดการสมัคร
4. ใส่ผลการอนุมัติ (Approve/Reject) แล้วกด OK",main/BYOD on AMPM/Manual BYOD On MPM By Sense.pdf
e27c18b2-8186-4a46-a28a-f468e6a3f2a9,How to generate MFA,Login Office.com,เข้าสู่ระบบ Office.com ด้วยอีเมลของ MFEC,main/How to generate MFA/how to generate mfa.pdf
ecc1edee-2c64-4ab1-83ab-ab1ecb83b759,How to generate MFA,ตั้งชื่อ Account MFA,ตั้งชื่อ account MFA ในระบบ โดยมีความยาวอย่างน้อย 8 ตัวอักษร,main/How to generate MFA/how to generate mfa.pdf
f881648e-9e2e-491d-907f-aa5296695b34,How to generate MFA,Copy Password MFA,คัดลอก (copy) รหัสผ่านที่ Microsoft สร้างให้ ไปใส่ใน Outlook เมื่อระบบแจ้งให้ใส่ password,main/How to generate MFA/how to generate mfa.pdf
9ab9a351-80f8-4fbc-8728-f8313fde6c80,คู่มือติดตั้ง Driver Printer Samsung LPN.21,Driver Samsung X4300: ดาวน์โหลดและแตกไฟล์,ดาวน์โหลด Driver Samsung X4300 จากนั้นทำการแตกไฟล์ (Extract) ที่ดาวน์โหลดมาเพื่อเตรียมสำหรับการติดตั้ง,main/คู่มือติดตั้ง Driver Printer Samsung LPN.21/คู่มือ ซัมซุง/printer x4300.pdf
84cc5f29-f73c-4457-bfbb-be9e660f6f87,คู่มือติดตั้ง Driver Printer Samsung LPN.21,Driver Samsung X4300: การติดตั้ง Driver,เรียกใช้ไฟล์ Setup เพื่อเริ่มการติดตั้ง Driver Printer Samsung X4300,main/คู่มือติดตั้ง Driver Printer Samsung LPN.21/คู่มือ ซัมซุง/printer x4300.pdf
b10ef715-62d4-480d-9886-05335dd642ec,คู่มือติดตั้ง Driver Printer Samsung LPN.21,Driver Samsung X4300: ข้อตกลงและ Privacy,อ่านและยอมรับข้อตกลงการใช้งานซอฟต์แวร์ (End User License Agreement) และนโยบายความเป็นส่วนตัว (Privacy Statement) ก่อนดำเนินการติดตั้งต่อ,main/คู่มือติดตั้ง Driver Printer Samsung LPN.21/คู่มือ ซัมซุง/printer x4300.pdf
aaae4e87-c5e9-46de-aec3-6b3f86f30c9f,คู่มือติดตั้ง Driver Printer Samsung LPN.21,Driver Samsung X4300: เลือกประเภทการเชื่อมต่อ,เลือกว่าจะเชื่อมต่อ Printer กับคอมพิวเตอร์ผ่าน Network หรือ Ethernet cable,main/คู่มือติดตั้ง Driver Printer Samsung LPN.21/คู่มือ ซัมซุง/printer x4300.pdf
e1c66b36-17a0-44f0-bca2-e8a81442944e,คู่มือติดตั้ง Driver Printer Samsung LPN.21,Driver Samsung X4300: Network Connection,สำหรับการเชื่อมต่อแบบ Network ตรวจสอบให้แน่ใจว่า Printer รองรับ Network และเชื่อมต่อสาย Network แล้ว,main/คู่มือติดตั้ง Driver Printer Samsung LPN.21/คู่มือ ซัมซุง/printer x4300.pdf
a4c51e41-af5b-49c9-b64d-433c9c5c5d3f,คู่มือติดตั้ง Driver Printer Samsung LPN.21,Driver Samsung X4300: Ethernet Connection,สำหรับการเชื่อมต่อผ่าน Ethernet cable ให้เปิด Printer และเชื่อมต่อสาย Ethernet จากนั้นคลิก 'Next' ,main/คู่มือติดตั้ง Driver Printer Samsung LPN.21/คู่มือ ซัมซุง/printer x4300.pdf
33f2608f-6fc9-4387-b45a-84133a55b026,คู่มือติดตั้ง Driver Printer Samsung LPN.21,Driver Samsung X4300: ไม่พบ Printer,หากโปรแกรมติดตั้งไม่พบ Printer ตรวจสอบให้แน่ใจว่า Printer เปิดอยู่และเชื่อมต่อกับคอมพิวเตอร์แล้ว จากนั้นคลิก 'Search Again' ,main/คู่มือติดตั้ง Driver Printer Samsung LPN.21/คู่มือ ซัมซุง/printer x4300.pdf
07ccfb4e-3c9b-42d0-ae9b-ad8bcd6aa838,คู่มือติดตั้ง Driver Printer Samsung LPN.21,Driver Samsung X4300: ค้นหา Printer,สามารถระบุ Printer ด้วยชื่อ Host หรือ IP address หรือค้นหาในช่วง IP address ที่กำหนด,main/คู่มือติดตั้ง Driver Printer Samsung LPN.21/คู่มือ ซัมซุง/printer x4300.pdf
2c15b429-ee8f-49a3-987f-7666bc2ddbc5,คู่มือติดตั้ง Driver Printer Samsung LPN.21,Driver Samsung X4300: ตั้งค่า Printer,"สามารถเปลี่ยนชื่อ Printer, กำหนด Printer default และ Share Printer กับผู้ใช้งานอื่นบน Network ได้",main/คู่มือติดตั้ง Driver Printer Samsung LPN.21/คู่มือ ซัมซุง/printer x4300.pdf
291fde9e-4962-4abb-a5ae-d9347d3e3e16,คู่มือติดตั้ง Driver Printer Samsung LPN.21,Driver Samsung X4300: ติดตั้ง Driver,โปรแกรมจะทำการติดตั้ง Driver Printer,main/คู่มือติดตั้ง Driver Printer Samsung LPN.21/คู่มือ ซัมซุง/printer x4300.pdf
f4f0bd9b-b40c-4123-a581-2506b2a03f7f,คู่มือติดตั้ง Driver Printer Samsung LPN.21,Driver Samsung X4300: พิมพ์หน้าทดสอบ,เลือกพิมพ์หน้าทดสอบ (Print a test page) หลังจากการติดตั้งเสร็จสิ้น,main/คู่มือติดตั้ง Driver Printer Samsung LPN.21/คู่มือ ซัมซุง/printer x4300.pdf
f99154d5-01b0-4b5f-b508-782c595fe604,คู่มือติดตั้ง Driver Printer Samsung LPN.21,Printer Settings (Windows),Access printer settings and preferences through Windows Settings > Bluetooth & devices > Printers & scanners,main/คู่มือติดตั้ง Driver Printer Samsung LPN.21/คู่มือ ซัมซุง/printer x4300.pdf
c1e080d5-7a42-47ed-b76c-ad69bd88ffa5,คู่มือติดตั้ง Driver Printer Samsung LPN.21,Driver Samsung X4300: Printer Properties,"เข้าถึง Printer Properties เพื่อปรับแต่งการตั้งค่าขั้นสูง เช่น Sharing, Ports, Advanced settings, Color Management, Security และ Device Options",main/คู่มือติดตั้ง Driver Printer Samsung LPN.21/คู่มือ ซัมซุง/printer x4300.pdf
860817d5-9991-4a29-9ec0-2f0f1306095e,คู่มือติดตั้ง Driver Printer Samsung LPN.21,Driver Samsung X4300: Printing Defaults,ตั้งค่า Default Printing เช่น Paper type และ Device settings,main/คู่มือติดตั้ง Driver Printer Samsung LPN.21/คู่มือ ซัมซุง/printer x4300.pdf
63644025-4696-4d14-8bbd-ad8ed65521e6,คู่มือติดตั้ง Driver Printer Samsung LPN.21,Driver Samsung X4300: Job Accounting,ตั้งค่า Job Accounting เพื่อควบคุมการใช้งาน Printer โดยกำหนด User permission หรือ Group permission และ ID,main/คู่มือติดตั้ง Driver Printer Samsung LPN.21/คู่มือ ซัมซุง/printer x4300.pdf
e6e4b1c1-b0a3-418a-9699-605353f37484,AMPM,Step Sync User NAV to MPM,"ขั้นตอนการ Sync ข้อมูล User จาก NAV ไปยัง MPM Server โดย SSH เข้าไปยัง MPM Server ที่ IP 10.6.100.21 port 22 ด้วย user ของ IT, sudo -i, cd ไปที่ /rails_apps/new-mpm และรัน ./update_employee",main/AMPM/MPM Script.docx; main/AMPM/Manual for support-OT.docx; main/AMPM/คู่มือเกี่ยวกับAMPMทั้งหมด.docx
05dccdf7-46d2-4f76-8d77-9df1010bb056,AMPM,MPM Add Permission,"การเพิ่มสิทธิ์การเข้าใช้งานระบบ MPM โดยเข้าไปที่ MPM -> Admin -> Users ค้นหา User ที่ต้องการ แล้ว Edit Group ให้ตรงกับสิทธิ์ที่ร้องขอ โดย Role PM จะได้ Group: PM อัตโนมัติ, Role อื่นๆ ต้องเพิ่มสิทธิ์ตาม Request",main/AMPM/MPM Script.docx; main/AMPM/Manual for support-OT.docx; main/AMPM/คู่มือเกี่ยวกับAMPMทั้งหมด.docx
462befc7-7ded-4ce5-839d-cc30a86eeb4d,AMPM,MPM Edit Permission,การแก้ไขสิทธิ์การเข้าใช้งานระบบ MPM โดยเข้าไปที่ MPM -> Admin -> Users ค้นหา User ที่ต้องการ แล้ว Edit Group ที่ต้องการเอาสิทธิ์ออก,main/AMPM/MPM Script.docx; main/AMPM/Manual for support-OT.docx; main/AMPM/คู่มือเกี่ยวกับAMPMทั้งหมด.docx
9bec3041-7d11-4b68-ada3-1ace97700c6c,AMPM,MPM Add User (Customer),การเพิ่ม User ลูกค้าเพื่อเข้าใช้งานระบบ Mantis ต้องให้ PM ส่งข้อมูลให้ IT Support เพิ่มชื่อเข้า b2c ก่อน จากนั้น Add User ใน MPM -> Admin -> Users -> New User (not MFEC) แล้วระบุข้อมูลที่จำเป็น และเพิ่มสิทธิ์ใน Project ที่ต้องการ โดยกำหนด Role: Customer และ Update to ITS,main/AMPM/MPM Script.docx; main/AMPM/Manual for support-OT.docx; main/AMPM/คู่มือเกี่ยวกับAMPMทั้งหมด.docx
e88af3ce-52a7-4373-9983-10bbe5fdd65e,AMPM,MPM Add Limit Dates,การเพิ่ม Limit Dates เพื่อกำหนดระยะเวลาการ Key/Approve Timesheet และ OT ของแต่ละเดือน โดยเพิ่มข้อมูลในช่วงปลายปี ก่อนเริ่มปีใหม่ ที่ MPM -> Admin -> Limit Dates,main/AMPM/MPM Script.docx; main/AMPM/Manual for support-OT.docx; main/AMPM/คู่มือเกี่ยวกับAMPMทั้งหมด.docx
98ab34d1-5c3a-4665-8a7a-3ebacd11f339,AMPM,MPM Add Holidays,การเพิ่มวันหยุดประจำปีในระบบ MPM เพื่อแสดงเป็นวันหยุดของบริษัท ในตารางการ Key Timesheet โดยเข้าไปที่ MPM -> Admin -> Holidays,main/AMPM/MPM Script.docx; main/AMPM/Manual for support-OT.docx; main/AMPM/คู่มือเกี่ยวกับAMPMทั้งหมด.docx
f0ca7f41-dd68-4e23-aa76-b1719bd19ff1,AMPM,SVN Create,"การสร้าง SVN สำหรับโปรเจค โดย admin ต้อง Create SVN ตาม Request โดยต้องทำ 2 ส่วน: 1. Putty ไปที่ 10.6.100.26 Login itoper, พิมพ์ cd /svn_config แล้ว ./csvn (ชื่อ svn) -t  2. ติดตั้งโปรแกรม SVN และ Add Path: https://isvn.mfec.co.th/svn/mfec-tools/Working/SSF/isvn/svn_config/access_svn/ แล้วแก้ไขไฟล์ access เพื่อกำหนด Role และ Path",main/AMPM/MPM Script.docx; main/AMPM/Manual for support-OT.docx; main/AMPM/คู่มือเกี่ยวกับAMPMทั้งหมด.docx
c45fa953-271f-4f0c-8e37-6036527e7965,AMPM,SVN Add Permission,การเพิ่มสิทธิ์ SVN โดยเข้าไปที่ Folder SVN ในเครื่อง Admin ที่ Add Path SVN เรียบร้อยแล้ว ค้นหาชื่อ SVN ที่ต้องการเพิ่มสิทธิ์ แล้วเพิ่มชื่อ User ตาม Role ที่ได้รับการร้องขอ และ Commit ไฟล์ access,main/AMPM/MPM Script.docx; main/AMPM/Manual for support-OT.docx; main/AMPM/คู่มือเกี่ยวกับAMPMทั้งหมด.docx
41b7c7fb-5b13-4672-84aa-b5a01fc4b683,AMPM,Timesheet Extend Key/Approve,การขยายระยะเวลา Key/Approve Timesheet โดยเข้าไปที่ MPM -> Admin -> Limit Dates เลือกเดือนที่ต้องการขยาย และแก้ไขวันที่ Last Key Time,main/AMPM/MPM Script.docx; main/AMPM/Manual for support-OT.docx; main/AMPM/คู่มือเกี่ยวกับAMPMทั้งหมด.docx
377e4d63-6654-4085-b991-26fe46837b51,AMPM,Timesheet เปิดสิทธิ Key ย้อนหลัง,การเปิดสิทธิ์ Key Timesheet ย้อนหลัง 1. User ดำเนินการเองผ่าน Chatbot หรือ MPM Request 2. Admin ดำเนินการให้ที่ MPM -> Admin -> Users เอาติ๊ก Validate Timesheet ออก,main/AMPM/MPM Script.docx; main/AMPM/Manual for support-OT.docx; main/AMPM/คู่มือเกี่ยวกับAMPMทั้งหมด.docx
0335bc12-6878-40ff-813a-f6a9d28e911a,AMPM,Timesheet เปิดสิทธิ Approve ย้อนหลัง,การเปิดสิทธิ์ Approve Timesheet ย้อนหลัง 1. User ดำเนินการเองผ่าน Chatbot 2. Admin ดำเนินการให้ที่ MPM -> Admin -> Users เอาติ๊ก Validate Timesheet ออก,main/AMPM/MPM Script.docx; main/AMPM/Manual for support-OT.docx; main/AMPM/คู่มือเกี่ยวกับAMPMทั้งหมด.docx
bdbf36d1-e7db-457e-a925-2010c1f62a19,AMPM,OT ขยายระยะเวลา Key/Approve,การขยายระยะเวลา Key/Approve OT โดยเข้าไปที่ MPM -> Admin -> Limit Dates เลือกเดือนที่ต้องการขยาย และแก้ไขวันที่ Key OT / Approve OT,main/AMPM/MPM Script.docx; main/AMPM/Manual for support-OT.docx; main/AMPM/คู่มือเกี่ยวกับAMPMทั้งหมด.docx
c5434985-6d01-40c1-9029-a5350f4e0449,AMPM,OT เปิดสิทธิ Key/Approve ย้อนหลัง,การเปิดสิทธิ์ Key/Approve OT ย้อนหลัง ต้องได้รับการอนุมัติจาก PE ก่อน Admin ทำการเอาติ๊ก Validate OT ออก ที่ MPM -> Admin -> Users,main/AMPM/MPM Script.docx; main/AMPM/Manual for support-OT.docx; main/AMPM/คู่มือเกี่ยวกับAMPMทั้งหมด.docx
8238295e-e1ae-4a4c-ad55-7d69bc794b51,AMPM,Mantis Create New,"การสร้าง Mantis Project โดยเข้าไปที่ MPM -> Project -> ITS Config เลือก New Config ใส่ชื่อ Sub Project, เลือก Template Name ให้ตรงกับ Sub Project, ใส่ Group Name และ Column Name แล้ว Edit Permission และ Update to ITS",main/AMPM/MPM Script.docx; main/AMPM/Manual for support-OT.docx; main/AMPM/คู่มือเกี่ยวกับAMPMทั้งหมด.docx
39a91056-753a-47d6-9984-5ab4432eab09,AMPM,Mantis Add Permission,การเพิ่มสิทธิ์ Mantis โดยเพิ่มรายชื่อ Team Member ใน MPM -> Project -> Team แล้ว Edit Permission ใน ITS Config และ Update to ITS,main/AMPM/MPM Script.docx; main/AMPM/Manual for support-OT.docx; main/AMPM/คู่มือเกี่ยวกับAMPMทั้งหมด.docx
cd11fae0-2202-47cd-be6b-1ce57a73ccf2,AMPM,Mantis Reset Password,การ Reset Password Mantis โดยเข้าไปที่ Mantis -> Manage -> Manage Users ค้นหา User แล้ว Reset Password,main/AMPM/MPM Script.docx; main/AMPM/Manual for support-OT.docx; main/AMPM/คู่มือเกี่ยวกับAMPMทั้งหมด.docx
eb1ba903-49ab-49de-adb1-42daea8dc13c,AMPM,Pipeline Create New Internal,"การสร้างโครงการภายในองค์กรใน MPM -> Pipeline กด New Internal Pipeline ระบุข้อมูล Short name, Description, Project Manager, Start date, End date แล้วเพิ่ม Team",main/AMPM/MPM Script.docx; main/AMPM/Manual for support-OT.docx; main/AMPM/คู่มือเกี่ยวกับAMPMทั้งหมด.docx
44752f94-e0f0-4056-8bc8-6172a0ba6077,AMPM,Report Projects Listing,การสร้าง Report Project Listing ที่ MPM -> Project ใส่รายละเอียดที่ต้องการแล้ว Search แล้วเลือก Actions -> เลือกประเภท Report จะได้ไฟล์ Excel ตามข้อมูลที่ Search,main/AMPM/MPM Script.docx; main/AMPM/Manual for support-OT.docx; main/AMPM/คู่มือเกี่ยวกับAMPMทั้งหมด.docx
2c6ca9ae-c3e1-4922-b215-26c8695f360e,AMPM,Report Timesheet,การสร้าง Report Timesheet ที่ MPM -> Report -> Timesheet -> เลือก Report Type แล้วเลือก Project Code และกด OK จะได้ไฟล์ Excel ตามข้อมูลที่ Search,main/AMPM/MPM Script.docx; main/AMPM/Manual for support-OT.docx; main/AMPM/คู่มือเกี่ยวกับAMPMทั้งหมด.docx
cad18c2a-3ce5-4369-8b0f-498729c9ab76,AMPM,Report Timesheet for Customer,"การสร้าง Report Timesheet for Customer ที่ Report -> Timesheet for Customer -> เลือก Report Type เลือก Project Code, ใส่ชื่อ Resource Name แล้วกด OK จะได้ไฟล์ Excel ตามข้อมูลที่ Search",main/AMPM/MPM Script.docx; main/AMPM/Manual for support-OT.docx; main/AMPM/คู่มือเกี่ยวกับAMPMทั้งหมด.docx
b7fb7520-dd61-4d89-8db0-f4ac49c27d49,AMPM,Training Training Record,Admin สามารถดู Training Record ทั้งหมดได้ที่ MPM -> Training Tab -> Event/Course/Topic/Exam สามารถค้นหาข้อมูลตามต้องการได้,main/AMPM/MPM Script.docx; main/AMPM/Manual for support-OT.docx; main/AMPM/คู่มือเกี่ยวกับAMPMทั้งหมด.docx
711c43af-0282-4b0e-b4dc-157bcd590eff,AMPM,Other Business Unit,"ใช้กำหนด Business Unit ภายในบริษัท โดยกำหนดสิทธิ์ Approve Timesheet, เห็นข้อมูล Timesheet, การแจ้งเตือน PMA เป็นต้น",main/AMPM/MPM Script.docx; main/AMPM/Manual for support-OT.docx; main/AMPM/คู่มือเกี่ยวกับAMPMทั้งหมด.docx
2ba7d351-db0d-4d94-846a-a2ee30042b0c,AMPM,Other Customer,แสดงรายการ Customer ที่ติดต่อกับบริษัท และใช้กำหนดสิทธิ์ให้ PM Account สามารถเพิ่ม/แก้ไข/ลบ ข้อมูลโครงการในกลุ่มลูกค้า,main/AMPM/MPM Script.docx; main/AMPM/Manual for support-OT.docx; main/AMPM/คู่มือเกี่ยวกับAMPMทั้งหมด.docx
19db750d-9c6d-42e8-b495-9ba57c3a4659,AMPM,Other Sale Team,ใช้ในการกำหนดชื่อ sale team ภายในบริษัท โดยแต่ละทีมจะมีการกำหนดสิทธิของบุคคลที่จะเห็นข้อมูล Project ของ sale team นั้นๆ,main/AMPM/MPM Script.docx; main/AMPM/Manual for support-OT.docx; main/AMPM/คู่มือเกี่ยวกับAMPMทั้งหมด.docx
b9aeaf9c-c8ee-4411-8385-40a4f8527078,AMPM,Other Roles,ใช้กำหนด เพื่ม/แก้ไข/ลบ รายละเอียด Roles ทั้งหมดของระบบ,main/AMPM/MPM Script.docx; main/AMPM/Manual for support-OT.docx; main/AMPM/คู่มือเกี่ยวกับAMPMทั้งหมด.docx
cd44c905-d4f5-4c90-8765-0a06cbf6bab4,AMPM,Other Banks,ใช้กำหนด เพื่ม/แก้ไข/ลบ รายละเอียด Banks ที่ติดต่อกับบริษัท,main/AMPM/MPM Script.docx; main/AMPM/Manual for support-OT.docx; main/AMPM/คู่มือเกี่ยวกับAMPMทั้งหมด.docx
12b0686c-68b0-4f3b-82c3-ed1aef328514,AMPM,Consult and support Key Timesheet ไม่ได้,"ตรวจสอบการเพิ่มชื่อใน Team, Task งาน, Cost ใน Task งาน, สถานะ Pipeline",main/AMPM/MPM Script.docx; main/AMPM/Manual for support-OT.docx; main/AMPM/คู่มือเกี่ยวกับAMPMทั้งหมด.docx
2cc08d4b-dc41-437d-876d-f536466a3e6a,AMPM,Consult and support PM ไม่เห็นข้อมูลโครงการ,"ตรวจสอบว่ามีโครงการในระบบ, PM มีสิทธิ์, ตรวจสอบคำค้นหา",main/AMPM/MPM Script.docx; main/AMPM/Manual for support-OT.docx; main/AMPM/คู่มือเกี่ยวกับAMPMทั้งหมด.docx
174f7688-8251-42f7-b161-dbefa9804de6,AMPM,Add /Edit Stakeholder,MPM->Project->คลกท'ี Project code ->Tab Stakeholders,main/AMPM/MPM Script.docx; main/AMPM/Manual for support-OT.docx; main/AMPM/คู่มือเกี่ยวกับAMPMทั้งหมด.docx
8321a413-8aad-40a1-a8df-5a09a75de7c4,AMPM,แก้ไข PM ของโครงการ,MPMProjectคลกท'ี Project code Tab Propoties และ Edit,main/AMPM/MPM Script.docx; main/AMPM/Manual for support-OT.docx; main/AMPM/คู่มือเกี่ยวกับAMPMทั้งหมด.docx
91ea0ad1-d72d-47c8-a646-57c65f75725e,AMPM,Change Planning Type,การแก้ไข Planning Type ของโครงการโดย PM ให้แจ้งทีม Sale co เพื่อแนะนำการขอสร้าง Email ให้ Outsource,main/AMPM/MPM Script.docx; main/AMPM/Manual for support-OT.docx; main/AMPM/คู่มือเกี่ยวกับAMPMทั้งหมด.docx
cca8078b-c968-4fed-affc-0892fa040e94,AMPM,Dashboard,สอบถามข้อมูลที่แสดงหน้า Dashboard ว่าต้องแก้ไขอย่างไร,main/AMPM/MPM Script.docx; main/AMPM/Manual for support-OT.docx; main/AMPM/คู่มือเกี่ยวกับAMPMทั้งหมด.docx
754bce0e-e065-40e7-ad84-53ddd3c4b85e,AMPM,เปิดสิทธิ ในการเข้าดูข้อมูล Actual cost timesheet,1.เข้า MPM > Other > Sale team 2.ดู Project ที่ User ขอมา และ Cick ที่ User can see Project in Group : Add User  3.กด New User  4.เลือก User และ Cick Ok,main/AMPM/MPM Script.docx; main/AMPM/Manual for support-OT.docx; main/AMPM/คู่มือเกี่ยวกับAMPMทั้งหมด.docx
1d930c78-ad9c-4dac-aa93-9774af02f845,AMPM,Close Project,PM สอบถาม เรื่อง Close project ว่าต้องดำเนินการอย่างไร,main/AMPM/MPM Script.docx; main/AMPM/Manual for support-OT.docx; main/AMPM/คู่มือเกี่ยวกับAMPMทั้งหมด.docx
d7430428-9a9a-4285-b196-f116a8368e8b,AMPM,Cancel Project,PM สอบถาม เรื่อง Suspend  Cancel project เนื่องจากทางลูกค้าจะมีการยกเลกโครงการ,main/AMPM/MPM Script.docx; main/AMPM/Manual for support-OT.docx; main/AMPM/คู่มือเกี่ยวกับAMPMทั้งหมด.docx
3124ed36-5c75-40ca-915a-64713a0da380,AMPM,Suspend Project,ทาง PM สอบถาม เรื่อง suspend project เนื่องจากทางลูกค้ายังไม่มีการกำหนดแผนงานที่จะดำเนินการ,main/AMPM/MPM Script.docx; main/AMPM/Manual for support-OT.docx; main/AMPM/คู่มือเกี่ยวกับAMPMทั้งหมด.docx
f1c58405-7537-45ba-876d-652123b16cf7,AMPM,Schedule / contract milestone ,แนะนำให้ PM เข้าไปศึกษารายละเอียด Project Management ได้ที่เมนู MReady ->PM onboarding และ Mtube ->Project Management พร้อมทั้งแนบคู่มือการจัดทำ Contract milestone ให้ทาง PM,main/AMPM/MPM Script.docx; main/AMPM/Manual for support-OT.docx; main/AMPM/คู่มือเกี่ยวกับAMPMทั้งหมด.docx
4ac83b25-e8c7-48b3-9f50-da6ffe2b74cd,AMPM,Schedule error ,PM มีการนำแผนแบบ schedule ( .xml หรือ .xlsx ) เข้าระบบ MPM แล้วมี error schedule ถูก reject เบ ื้องต้น สามารถดูได้จาก email : [Notification] มี Project Schedule ถูก reject โดยระบบ,main/AMPM/MPM Script.docx; main/AMPM/Manual for support-OT.docx; main/AMPM/คู่มือเกี่ยวกับAMPMทั้งหมด.docx
bea9c277-697b-403f-9ccc-ed38231b9b0c,AMPM,ลืมรหัสผ่าน ,รหัสผ่านไม่ตรงให้ทำการ Login ใหม่อีกรอบ,main/AMPM/MPM Script.docx; main/AMPM/Manual for support-OT.docx; main/AMPM/คู่มือเกี่ยวกับAMPMทั้งหมด.docx
59e74a86-27db-4ae0-afd4-de44afc61bf0,AMPM,Sale เป็น PM ,"ทาง sale ที่ต้องเป็น PM ในโครงการ บางท่าน แจ้งว่าเข้าใช้งานระบบ MPM ไม่ได้ ไม่ทราบ URL , username ที่ต้องเข้าใช้งาน",main/AMPM/MPM Script.docx; main/AMPM/Manual for support-OT.docx; main/AMPM/คู่มือเกี่ยวกับAMPMทั้งหมด.docx
2c2470f3-6a9e-42c4-a984-681c53922d10,AMPM,Contract milestone ไม่ update,ทาง PM แจ้งว่าได้มีการทำ contract milestone ในระบบแต่ข้อมูลวันที่ไม่ update  เบื้องต้นให้ตรวจสอบที่ TabContract milestone ,main/AMPM/MPM Script.docx; main/AMPM/Manual for support-OT.docx; main/AMPM/คู่มือเกี่ยวกับAMPMทั้งหมด.docx
b68216e4-b434-4279-90a8-9ec6f518b229,AMPM,Change type Plan,ทาง PM ขอแกไขจากการทำแผนแบบ schedule เป็น contract milestone เนื่องจากในปัจจุบันหากมีการจัดทำแผนทั้ง 2 รูปแบบ ระบบจะยึดค่า %progress ของโครงการ,main/AMPM/MPM Script.docx; main/AMPM/Manual for support-OT.docx; main/AMPM/คู่มือเกี่ยวกับAMPMทั้งหมด.docx
b18219c8-9d7b-40a2-a4ed-0e428f4dc535,AMPM,ความหมาย Task งาน,ทาง PM สอบถามเรื่อง task งานว่ามีความหมายอย่างไร,main/AMPM/MPM Script.docx; main/AMPM/Manual for support-OT.docx; main/AMPM/คู่มือเกี่ยวกับAMPMทั้งหมด.docx
8821f0f8-cc66-4941-a198-b902b7155701,AMPM,เข้าใช้งานระบบ MPM ไม่ได้,เบื้องต้น ให้ตรวจสอบว่ามีการ VPN มาเข้าใช้งานระบบสำเร็จหรือไม่ หรือช่วงเวลาที่ user ทำการเข้าใช้งานระบบอยู่ระหว่างติดปัญหาเรื่อง network,main/AMPM/MPM Script.docx; main/AMPM/Manual for support-OT.docx; main/AMPM/คู่มือเกี่ยวกับAMPMทั้งหมด.docx
527b37f1-fbd6-4cd6-81fb-44109e2e8f50,AMPM,Reject Period,ทาง PM / PD/ Project & billing แจ้งให้ทำการ reject period start date - end date เนื่องจากข้อมูลเดิมไม่ถูกต้อง ต้องการระบุข้อมูลใหม่,main/AMPM/MPM Script.docx; main/AMPM/Manual for support-OT.docx; main/AMPM/คู่มือเกี่ยวกับAMPMทั้งหมด.docx
6cd64763-499a-4dcd-8583-d558d68c5ef8,AMPM,Check period status,ทาง PM ให้ช่วยตรวจสอบ status ของการระบุ period เนื่องจากข้อมูลในระบบยังคงข้อมูลเดิม,main/AMPM/MPM Script.docx; main/AMPM/Manual for support-OT.docx; main/AMPM/คู่มือเกี่ยวกับAMPMทั้งหมด.docx
6e319190-af2b-462a-b99f-d839b5a1b0b9,AMPM,วิธีการ ระบุ period start date - end date,PM ไม่ทราบวิธีการ ระบุ ข้อมูล period start date - end date ว่าต้องดำเนินการอย่างไร,main/AMPM/MPM Script.docx; main/AMPM/Manual for support-OT.docx; main/AMPM/คู่มือเกี่ยวกับAMPMทั้งหมด.docx
89854866-0d3d-4a06-aa33-1a9f629dea54,AMPM,Edit period start date - end date,กรณีต้องการแก้ไขข้อมูลแคไ้ ม่สามารถแก้ไข Period ได้ ต้องตรวจสอบก่อนว่ามีการ approve ครบถ้วนหรือไม่,main/AMPM/MPM Script.docx; main/AMPM/Manual for support-OT.docx; main/AMPM/คู่มือเกี่ยวกับAMPMทั้งหมด.docx
52f5c2c3-489e-4032-955e-dc152cd0b07d,AMPM,Chatbot,History ที่ทาง user พิมพ์มาทาง chatbot ทาง admin สามารถเข้าไปดูได้,main/AMPM/MPM Script.docx; main/AMPM/Manual for support-OT.docx; main/AMPM/คู่มือเกี่ยวกับAMPMทั้งหมด.docx
d466a2dd-a6cd-4bf3-a418-899368e7288b,คู่มือวิธีแก้ไขปัญหา ESSเข้าสู่ระบบไม่ได้,แก้ปัญหา 'This site can't be reached',ปัญหาเกิดจากการเชื่อมต่อ VPN ค้างไว้ วิธีแก้คือ Disconnect VPN ก่อนเข้าใช้งาน ESS,main/คู่มือวิธีแก้ไขปัญหา ESSเข้าสู่ระบบไม่ได้/คู่มือวิธีแก้ไขปัญหา ESS เข้าสู่ระบบไม่ได้.pdf
dd10f0e9-142a-4752-9e9d-bb8da871402f,คู่มือวิธีแก้ไขปัญหา ESSเข้าสู่ระบบไม่ได้,แก้ปัญหา 'Incomplete Operation',ปัญหาระบบ Server ไม่พบชื่อ User ให้ลอง Refresh หน้าจอ (F5) 5-6 ครั้ง หากยังไม่ได้ผล ให้แจ้ง HRM@mfec.co.th,main/คู่มือวิธีแก้ไขปัญหา ESSเข้าสู่ระบบไม่ได้/คู่มือวิธีแก้ไขปัญหา ESS เข้าสู่ระบบไม่ได้.pdf
d0d9ee9f-bf3c-4c40-b2df-926e05ddb427,คู่มือวิธีแก้ไขปัญหา ESSเข้าสู่ระบบไม่ได้,แก้ปัญหา 'Duo SSO',User กรอกรหัสผิดหลายครั้ง ทำให้ Duo Mobile ล็อค ให้ IT Support ปลดล็อคใน Duo admin,main/คู่มือวิธีแก้ไขปัญหา ESSเข้าสู่ระบบไม่ได้/คู่มือวิธีแก้ไขปัญหา ESS เข้าสู่ระบบไม่ได้.pdf
7d8167f8-06a7-4b84-aef1-550359a6f59d,คู่มือวิธีแก้ไขปัญหา ESSเข้าสู่ระบบไม่ได้,แก้ปัญหา 'ลงชื่อเข้าใช้',User ต้องลงชื่อเข้าใช้ด้วยเมล @mfec.co.th หากใช้แล้วยังไม่ได้ ให้ IT Support เพิ่ม User ในระบบ,main/คู่มือวิธีแก้ไขปัญหา ESSเข้าสู่ระบบไม่ได้/คู่มือวิธีแก้ไขปัญหา ESS เข้าสู่ระบบไม่ได้.pdf
fe0011b9-c030-4f4d-b4d9-f0e305b2ab81,คู่มือวิธีแก้ไขปัญหา ESSเข้าสู่ระบบไม่ได้,แก้ปัญหา 'Account locked',User ใส่รหัสผ่านผิดหลายครั้ง Account ถูกล็อค ให้ IT Support ปลดล็อคใน Duo admin,main/คู่มือวิธีแก้ไขปัญหา ESSเข้าสู่ระบบไม่ได้/คู่มือวิธีแก้ไขปัญหา ESS เข้าสู่ระบบไม่ได้.pdf
b6c97203-d3ba-428e-a491-791e96e790be,คู่มือเปลี่ยนชื่อเครื่อง,เปลี่ยนชื่อ MacBook,1. เข้า System Preferences  2. เข้า Sharing  3. เปลี่ยนชื่อเครื่องตรง Computer Name,main/คู่มือเปลี่ยนชื่อเครื่อง/คู่มือ Rename MacBook.pdf; main/คู่มือเปลี่ยนชื่อเครื่อง/คู่มือ Rename เครื่องคอมพิวเตอร์ (computer).pdf
7dfe8eba-f2a0-43ac-b47d-8a38c65f805c,คู่มือเปลี่ยนชื่อเครื่อง,เปลี่ยนชื่อเครื่อง PC (Windows),"1. Search ""This PC"" -> Properties  2. หน้า About Me -> Rename this PC  3. ตั้งชื่อเครื่องใหม่ -> Next  4. Restart now",main/คู่มือเปลี่ยนชื่อเครื่อง/คู่มือ Rename MacBook.pdf; main/คู่มือเปลี่ยนชื่อเครื่อง/คู่มือ Rename เครื่องคอมพิวเตอร์ (computer).pdf
f8d231d4-579a-4c84-bdf0-81b0c9a16017,วิธีการทำ 2FA mail outlook,เปิดใช้งาน 2FA Outlook (office.com),เข้าสู่ระบบ office.com ด้วย E-mail และ Password จากนั้นเลือกประเทศไทยและใส่เบอร์โทรศัพท์เพื่อรับรหัส OTP ทาง SMS,main/วิธีการทำ 2FA mail outlook/วิธีการทำ 2FA.docx
8e33a5c6-d3ac-4d17-a47c-d2d2872a7a61,วิธีการทำ 2FA mail outlook,ยืนยัน OTP,กรอกรหัส OTP 6 หลักที่ได้รับทาง SMS แล้วกดตรวจสอบ,main/วิธีการทำ 2FA mail outlook/วิธีการทำ 2FA.docx
5aa81685-618a-4d0d-934c-72153b5eebef,วิธีการทำ 2FA mail outlook,รหัสผ่านสำหรับ App Outlook,เก็บรหัสผ่านที่ได้จากการตั้งค่า 2FA ไว้สำหรับ Login เข้าใช้งาน App Outlook,main/วิธีการทำ 2FA mail outlook/วิธีการทำ 2FA.docx
84b4512e-a71c-4006-9d0b-e9342c50991d,2FA,2FA via Authenticator App,การตั้งค่า 2FA ครั้งแรกผ่านแอป Authenticator โดยสแกน QR Code จากหน้าเว็บ และอนุมัติการเข้าสู่ระบบผ่านแอป,main/2FA/2FA-Reset-App-Password-Outlook.pdf; main/2FA/2FA-Setup-Frist-Time-MobileApp.pdf; main/2FA/Manual-setup-2FA-for-first-time-with-Authenticator-app-2019.pdf; main/2FA/Manual-setup-2FA-for-first-time-with-Phone-number-2019.pdf; main/2FA/Manual-setup-Microsoft-Outlook.pdf
2c11e7f9-b213-475c-83ef-ef3d1a523c59,2FA,2FA via Phone Number,การตั้งค่า 2FA ครั้งแรกผ่านเบอร์โทรศัพท์ โดยใส่เบอร์โทรศัพท์ และกรอกรหัส OTP ที่ได้รับทาง SMS,main/2FA/2FA-Reset-App-Password-Outlook.pdf; main/2FA/2FA-Setup-Frist-Time-MobileApp.pdf; main/2FA/Manual-setup-2FA-for-first-time-with-Authenticator-app-2019.pdf; main/2FA/Manual-setup-2FA-for-first-time-with-Phone-number-2019.pdf; main/2FA/Manual-setup-Microsoft-Outlook.pdf
a1390c09-f3f3-428f-ae21-bbb7eb8042d3,2FA,App Password Overview,App Password คือรหัสผ่านสำหรับใช้กับแอปพลิเคชันที่ไม่รองรับ 2FA โดยสร้างจาก Account และเป็นรหัสผ่านแบบสุ่ม 16 ตัวอักษร,main/2FA/2FA-Reset-App-Password-Outlook.pdf; main/2FA/2FA-Setup-Frist-Time-MobileApp.pdf; main/2FA/Manual-setup-2FA-for-first-time-with-Authenticator-app-2019.pdf; main/2FA/Manual-setup-2FA-for-first-time-with-Phone-number-2019.pdf; main/2FA/Manual-setup-Microsoft-Outlook.pdf
d3405219-788e-4cfc-9f9b-20d16a84b2ed,2FA,Using App Password,App Password ใช้สำหรับใส่ในช่องรหัสผ่านของ Windows Security หรือแอปพลิเคชันอื่นๆ ที่ไม่รองรับ 2FA,main/2FA/2FA-Reset-App-Password-Outlook.pdf; main/2FA/2FA-Setup-Frist-Time-MobileApp.pdf; main/2FA/Manual-setup-2FA-for-first-time-with-Authenticator-app-2019.pdf; main/2FA/Manual-setup-2FA-for-first-time-with-Phone-number-2019.pdf; main/2FA/Manual-setup-Microsoft-Outlook.pdf
abedea20-8321-4932-9d13-0300159161c6,2FA,Resetting App Password,สามารถ Reset App Password ได้ในกรณีที่ลืมหรือสูญหาย โดยเข้าไปที่ Security & Privacy > Additional Security Verification,main/2FA/2FA-Reset-App-Password-Outlook.pdf; main/2FA/2FA-Setup-Frist-Time-MobileApp.pdf; main/2FA/Manual-setup-2FA-for-first-time-with-Authenticator-app-2019.pdf; main/2FA/Manual-setup-2FA-for-first-time-with-Phone-number-2019.pdf; main/2FA/Manual-setup-Microsoft-Outlook.pdf
25264662-2b24-488f-b9e8-5dc3eca561f9,2FA,Updating Phone Number for 2FA,สามารถอัปเดตเบอร์โทรศัพท์ที่ใช้สำหรับ 2FA ได้ที่ Security & Privacy > Additional Security Verification,main/2FA/2FA-Reset-App-Password-Outlook.pdf; main/2FA/2FA-Setup-Frist-Time-MobileApp.pdf; main/2FA/Manual-setup-2FA-for-first-time-with-Authenticator-app-2019.pdf; main/2FA/Manual-setup-2FA-for-first-time-with-Phone-number-2019.pdf; main/2FA/Manual-setup-Microsoft-Outlook.pdf
8187ae41-25b4-43e6-a63d-7cc25fdbe4e1,2FA,2FA with Microsoft Outlook,หากใช้ Outlook ที่เปิดใช้งาน 2FA แล้วพบปัญหา ให้ใส่ App Password ในช่อง Windows Security หรือเชื่อมต่อ Wi-Fi ส่วนตัว หากยังไม่ได้ผลให้ติดต่อ IT Support,main/2FA/2FA-Reset-App-Password-Outlook.pdf; main/2FA/2FA-Setup-Frist-Time-MobileApp.pdf; main/2FA/Manual-setup-2FA-for-first-time-with-Authenticator-app-2019.pdf; main/2FA/Manual-setup-2FA-for-first-time-with-Phone-number-2019.pdf; main/2FA/Manual-setup-Microsoft-Outlook.pdf
73476949-5638-414a-9c0b-010f0a61591b,2FA,Manual Setup Outlook after 2FA,หากพบปัญหาในการตั้งค่า Outlook หลังทำ 2FA ให้ลองใส่ App Password แทนรหัสผ่านปกติ หากยังไม่สำเร็จให้เชื่อมต่อ Wi-Fi ส่วนตัว หรือติดต่อ IT Support,main/2FA/2FA-Reset-App-Password-Outlook.pdf; main/2FA/2FA-Setup-Frist-Time-MobileApp.pdf; main/2FA/Manual-setup-2FA-for-first-time-with-Authenticator-app-2019.pdf; main/2FA/Manual-setup-2FA-for-first-time-with-Phone-number-2019.pdf; main/2FA/Manual-setup-Microsoft-Outlook.pdf
f86013fc-c89b-4fb1-a39a-f80ad3566365,คู่มือ New Application,สร้าง Internal Project,"การสร้าง Internal Project ทำได้โดยกด More > Internal Project, กรอก Project Information (Prefix STG ต้องมี Reference to Main Project), กด Next to Task, สร้าง Task โดยระบุ Job Task Code (STG ยกเว้น Non project, MFE เฉพาะ Non project และ Task ค่าแรง) และ BU Code (MFE เฉพาะหลัก Division, STG ได้ทุกเลข), Rev และ Cost เท่ากัน, กด Create Project",main/คู่มือ New Application/คู่มือ Bu Performance/คู่มือการเข้า BU Performance.pdf; main/คู่มือ New Application/คู่มือ Internal Project/คู่มือ Proflex for TEST UAT.pdf; main/คู่มือ New Application/คู่มือ Project Management/คู่มือ Project Management For UAT 1.pdf; main/คู่มือ New Application/คู่มือ Timesheet/Manual OT.pdf; main/คู่มือ New Application/คู่มือ Timesheet/Manual Timesheet.pdf
dea9bd0e-27de-469f-ba86-b2e0ae86b5a7,คู่มือ New Application,ขอ Request Adjust Cost,"การขอ Request Adjust Cost ทำได้ 2 แบบ: 1) เพิ่ม Task โดยกด Create Task, กรอกรายละเอียด, กด Request Create (ไม่สามารถขอ Task ซ้ำ หรือ Request ซ้ำกับที่มีอยู่)  2) เพิ่มจำนวนเงิน โดยกด Request ตรง Task, ใส่จำนวนเงิน, กด Request (ไม่สามารถขอซ้ำจนกว่า Request เดิมจะถูก Action)",main/คู่มือ New Application/คู่มือ Bu Performance/คู่มือการเข้า BU Performance.pdf; main/คู่มือ New Application/คู่มือ Internal Project/คู่มือ Proflex for TEST UAT.pdf; main/คู่มือ New Application/คู่มือ Project Management/คู่มือ Project Management For UAT 1.pdf; main/คู่มือ New Application/คู่มือ Timesheet/Manual OT.pdf; main/คู่มือ New Application/คู่มือ Timesheet/Manual Timesheet.pdf
fc88ae45-f02e-44dd-a9ac-29afe158737f,คู่มือ New Application,หน้า Approval,หน้า Approval แสดงรายละเอียดการขอ Request ทั้งหมด สามารถกด Withdraw (ถอน Request) หรือ Send Again (ส่งอีเมลแจ้งเตือน)  และกด เพื่อดูรายละเอียด Request,main/คู่มือ New Application/คู่มือ Bu Performance/คู่มือการเข้า BU Performance.pdf; main/คู่มือ New Application/คู่มือ Internal Project/คู่มือ Proflex for TEST UAT.pdf; main/คู่มือ New Application/คู่มือ Project Management/คู่มือ Project Management For UAT 1.pdf; main/คู่มือ New Application/คู่มือ Timesheet/Manual OT.pdf; main/คู่มือ New Application/คู่มือ Timesheet/Manual Timesheet.pdf
aadf8528-8f1a-4195-8007-a062160bec61,คู่มือ New Application,ถอน Request (Withdraw),"การถอน Request ทำได้โดยกด Withdraw ในรายการที่ต้องการ, กด Yes เพื่อยืนยัน",main/คู่มือ New Application/คู่มือ Bu Performance/คู่มือการเข้า BU Performance.pdf; main/คู่มือ New Application/คู่มือ Internal Project/คู่มือ Proflex for TEST UAT.pdf; main/คู่มือ New Application/คู่มือ Project Management/คู่มือ Project Management For UAT 1.pdf; main/คู่มือ New Application/คู่มือ Timesheet/Manual OT.pdf; main/คู่มือ New Application/คู่มือ Timesheet/Manual Timesheet.pdf
265bef51-401f-4abd-837d-8185d4395ba3,คู่มือ New Application,Approve Internal Project (Admin),"Admin สามารถกด  เพื่อดูรายละเอียด Request และกด Action (Approve/Reject). ผลลัพธ์: Approve (เพิ่ม Task/แก้ไขวงเงิน), Reject (ไม่เปลี่ยนแปลง), Withdraw (ผู้ใช้ขอ Request ใหม่ได้)",main/คู่มือ New Application/คู่มือ Bu Performance/คู่มือการเข้า BU Performance.pdf; main/คู่มือ New Application/คู่มือ Internal Project/คู่มือ Proflex for TEST UAT.pdf; main/คู่มือ New Application/คู่มือ Project Management/คู่มือ Project Management For UAT 1.pdf; main/คู่มือ New Application/คู่มือ Timesheet/Manual OT.pdf; main/คู่มือ New Application/คู่มือ Timesheet/Manual Timesheet.pdf
5a9501b6-3594-467d-89d8-b4cad15932b1,คู่มือ New Application,BU Performance Report,"การดู BU Performance Report ให้เลือก Report เป็น BU Performance และเลือก Cost Center (ตามสิทธิ์), เลือก Output Type (HTML, HTML (Single Page), HTML (Email), PDF, Excel & Excel 2007)",main/คู่มือ New Application/คู่มือ Bu Performance/คู่มือการเข้า BU Performance.pdf; main/คู่มือ New Application/คู่มือ Internal Project/คู่มือ Proflex for TEST UAT.pdf; main/คู่มือ New Application/คู่มือ Project Management/คู่มือ Project Management For UAT 1.pdf; main/คู่มือ New Application/คู่มือ Timesheet/Manual OT.pdf; main/คู่มือ New Application/คู่มือ Timesheet/Manual Timesheet.pdf
0952d71c-3b99-4367-8ee9-a903fbc1b1f2,คู่มือ New Application,สร้าง Timesheet,"สร้าง Timesheet โดยเลือก Project หรือ Non Project เลือก Job Task วันที่ เวลา และกรอกรายละเอียดต่างๆ เช่น Memo, SR Number และไฟล์แนบ แล้วกด Create เพื่อบันทึก",main/คู่มือ New Application/คู่มือ Bu Performance/คู่มือการเข้า BU Performance.pdf; main/คู่มือ New Application/คู่มือ Internal Project/คู่มือ Proflex for TEST UAT.pdf; main/คู่มือ New Application/คู่มือ Project Management/คู่มือ Project Management For UAT 1.pdf; main/คู่มือ New Application/คู่มือ Timesheet/Manual OT.pdf; main/คู่มือ New Application/คู่มือ Timesheet/Manual Timesheet.pdf
49a2b14a-8db4-4975-8dd5-c370ceb4b869,คู่มือ New Application,แก้ไข Timesheet,แก้ไข Timesheet ได้ในสัปดาห์ปัจจุบันหรือย้อนหลังไม่เกิน 7 วัน แก้ไขรายละเอียดต่างๆ และกด Update เพื่อบันทึก หรือกด Delete เพื่อลบรายการ,main/คู่มือ New Application/คู่มือ Bu Performance/คู่มือการเข้า BU Performance.pdf; main/คู่มือ New Application/คู่มือ Internal Project/คู่มือ Proflex for TEST UAT.pdf; main/คู่มือ New Application/คู่มือ Project Management/คู่มือ Project Management For UAT 1.pdf; main/คู่มือ New Application/คู่มือ Timesheet/Manual OT.pdf; main/คู่มือ New Application/คู่มือ Timesheet/Manual Timesheet.pdf
3a1981fe-df62-41aa-9c35-a7a43cb69aa2,คู่มือ New Application,Approve Timesheet,"สำหรับ Supervisor และ Project Manager กด Approval เพื่อดูรายการ Timesheet, สามารถ Approve หรือ Reject รายการได้",main/คู่มือ New Application/คู่มือ Bu Performance/คู่มือการเข้า BU Performance.pdf; main/คู่มือ New Application/คู่มือ Internal Project/คู่มือ Proflex for TEST UAT.pdf; main/คู่มือ New Application/คู่มือ Project Management/คู่มือ Project Management For UAT 1.pdf; main/คู่มือ New Application/คู่มือ Timesheet/Manual OT.pdf; main/คู่มือ New Application/คู่มือ Timesheet/Manual Timesheet.pdf
276df692-155a-4979-86dc-35a7689bfd2a,คู่มือ New Application,สร้าง OT,"สร้าง OT โดยเลือก Project หรือ Non Project เลือก Job Task วันที่ เวลา และกรอกรายละเอียดต่างๆ เช่น Memo, SR Number และไฟล์แนบ แล้วกด Create เพื่อบันทึก",main/คู่มือ New Application/คู่มือ Bu Performance/คู่มือการเข้า BU Performance.pdf; main/คู่มือ New Application/คู่มือ Internal Project/คู่มือ Proflex for TEST UAT.pdf; main/คู่มือ New Application/คู่มือ Project Management/คู่มือ Project Management For UAT 1.pdf; main/คู่มือ New Application/คู่มือ Timesheet/Manual OT.pdf; main/คู่มือ New Application/คู่มือ Timesheet/Manual Timesheet.pdf
ce02ba32-df75-446d-884d-7f7a1fe5380b,คู่มือ New Application,แก้ไข OT,แก้ไข OT ได้ในสัปดาห์ปัจจุบันหรือย้อนหลังไม่เกิน 7 วัน แก้ไขรายละเอียดต่างๆ และกด Update เพื่อบันทึก หรือกด Delete เพื่อลบรายการ (หาก Approve แล้วแก้ไขไม่ได้),main/คู่มือ New Application/คู่มือ Bu Performance/คู่มือการเข้า BU Performance.pdf; main/คู่มือ New Application/คู่มือ Internal Project/คู่มือ Proflex for TEST UAT.pdf; main/คู่มือ New Application/คู่มือ Project Management/คู่มือ Project Management For UAT 1.pdf; main/คู่มือ New Application/คู่มือ Timesheet/Manual OT.pdf; main/คู่มือ New Application/คู่มือ Timesheet/Manual Timesheet.pdf
c542158b-ac4b-4945-8163-15758ba535d5,คู่มือ New Application,Approve OT,"สำหรับ Supervisor และ Project Manager กด Approval เพื่อดูรายการ OT, สามารถ Approve หรือ Reject รายการได้",main/คู่มือ New Application/คู่มือ Bu Performance/คู่มือการเข้า BU Performance.pdf; main/คู่มือ New Application/คู่มือ Internal Project/คู่มือ Proflex for TEST UAT.pdf; main/คู่มือ New Application/คู่มือ Project Management/คู่มือ Project Management For UAT 1.pdf; main/คู่มือ New Application/คู่มือ Timesheet/Manual OT.pdf; main/คู่มือ New Application/คู่มือ Timesheet/Manual Timesheet.pdf
9b33e098-8bd9-4d4a-9661-1e587c9926c5,IT Policy,MFEC IT Policy,"นโยบาย IT ของ MFEC มี Guideline, Standard, Procedure เพื่อควบคุมความเสี่ยงด้าน Confidentiality, Integrity, Availability โดยครอบคลุมการเข้าถึงข้อมูล, การจัดประเภทข้อมูล, Operation Security, Communication Security, Disaster Recovery, Supplier Management และ System acquisition and Development",main/IT Policy/MFEC-ISMS-PO-001-ISMS Policy.pdf; main/IT Policy/email-policy.pdf; main/IT Policy/notbook-policy.pdf; main/IT Policy/นโยบายเทคโนโลยีสารสนเทศ 62 (IT-Policy).pdf
19efb6ab-4f41-46b9-bebb-02e43e7cf470,IT Policy,นิยามศัพท์ IT Policy,"Policy คือแนวทางปฏิบัติ, Guideline คือแนวทางเพิ่มเติม, Standard คือข้อกำหนด, Procedure คือขั้นตอนการปฏิบัติ, IT User คือผู้ใช้งานระบบ IT",main/IT Policy/MFEC-ISMS-PO-001-ISMS Policy.pdf; main/IT Policy/email-policy.pdf; main/IT Policy/notbook-policy.pdf; main/IT Policy/นโยบายเทคโนโลยีสารสนเทศ 62 (IT-Policy).pdf
375c2fe0-0b9e-4ca2-925b-e6871800d15a,IT Policy,IT Governance,"COO มีหน้าที่กำหนด Guideline, Standard, Procedure ด้าน IT, Quims/qirutign มีหน้าที่ดูแล IT ตาม Guideline ที่กำหนด, shedwwaenrs มีหน้าที่สนับสนุน IT",main/IT Policy/MFEC-ISMS-PO-001-ISMS Policy.pdf; main/IT Policy/email-policy.pdf; main/IT Policy/notbook-policy.pdf; main/IT Policy/นโยบายเทคโนโลยีสารสนเทศ 62 (IT-Policy).pdf
6ecd31a9-128e-453b-bd5d-317b4455e340,IT Policy,Access Control,"กำหนดสิทธิ์การเข้าถึงข้อมูล, ควบคุมการเข้าถึงเครือข่าย, บริหารจัดการ User Password และ Network Access Control",main/IT Policy/MFEC-ISMS-PO-001-ISMS Policy.pdf; main/IT Policy/email-policy.pdf; main/IT Policy/notbook-policy.pdf; main/IT Policy/นโยบายเทคโนโลยีสารสนเทศ 62 (IT-Policy).pdf
b316e36f-ba0a-429c-ae13-f7614c52b341,IT Policy,Data Classification,"จัดประเภทข้อมูลเพื่อกำหนดมาตรการรักษาความปลอดภัยที่เหมาะสม (Confidential, Internal Use, Public)",main/IT Policy/MFEC-ISMS-PO-001-ISMS Policy.pdf; main/IT Policy/email-policy.pdf; main/IT Policy/notbook-policy.pdf; main/IT Policy/นโยบายเทคโนโลยีสารสนเทศ 62 (IT-Policy).pdf
83bd4140-fb6b-4d7c-858a-5e3e6047387b,IT Policy,Operation Security,"บริหารจัดการ Information Asset, ควบคุมการเข้าถึงระบบ, กำหนด Security Awareness",main/IT Policy/MFEC-ISMS-PO-001-ISMS Policy.pdf; main/IT Policy/email-policy.pdf; main/IT Policy/notbook-policy.pdf; main/IT Policy/นโยบายเทคโนโลยีสารสนเทศ 62 (IT-Policy).pdf
8d314311-580e-4da0-8661-0ed749ec740e,IT Policy,Communication Security,"ป้องกัน Remote Diagnostic และ Configuration Port, ควบคุม Network Routing",main/IT Policy/MFEC-ISMS-PO-001-ISMS Policy.pdf; main/IT Policy/email-policy.pdf; main/IT Policy/notbook-policy.pdf; main/IT Policy/นโยบายเทคโนโลยีสารสนเทศ 62 (IT-Policy).pdf
b2bc280f-8327-4e07-bf1a-2109f3c64ba0,IT Policy,Disaster Recovery Plan,"กำหนด Disaster Recovery Plan (DRP) โดยมี PDCA, BIA (Business Impact Analysis), Risk Assessment เพื่อให้ระบบ IT สามารถกลับมาใช้งานได้หลังเกิดเหตุการณ์",main/IT Policy/MFEC-ISMS-PO-001-ISMS Policy.pdf; main/IT Policy/email-policy.pdf; main/IT Policy/notbook-policy.pdf; main/IT Policy/นโยบายเทคโนโลยีสารสนเทศ 62 (IT-Policy).pdf
1d4eb735-63db-4026-94a0-2d9718b1ef0b,IT Policy,Supplier Management,บริหารจัดการ Supplier ที่เกี่ยวข้องกับ IT,main/IT Policy/MFEC-ISMS-PO-001-ISMS Policy.pdf; main/IT Policy/email-policy.pdf; main/IT Policy/notbook-policy.pdf; main/IT Policy/นโยบายเทคโนโลยีสารสนเทศ 62 (IT-Policy).pdf
d73822e6-17fa-4bd3-8125-a600e5309ab4,IT Policy,System Acquisition & Development,กำหนดความปลอดภัยในการจัดซื้อและพัฒนาระบบ IT,main/IT Policy/MFEC-ISMS-PO-001-ISMS Policy.pdf; main/IT Policy/email-policy.pdf; main/IT Policy/notbook-policy.pdf; main/IT Policy/นโยบายเทคโนโลยีสารสนเทศ 62 (IT-Policy).pdf
2e593254-7840-44b9-b52d-1f0e2b4c5bff,IT Policy,Non-Disclosure Agreement (NDA),กำหนดข้อตกลงรักษาความลับกับบุคคลภายนอก,main/IT Policy/MFEC-ISMS-PO-001-ISMS Policy.pdf; main/IT Policy/email-policy.pdf; main/IT Policy/notbook-policy.pdf; main/IT Policy/นโยบายเทคโนโลยีสารสนเทศ 62 (IT-Policy).pdf
45f09841-74be-41b1-b7db-bd141b8767fa,IT Policy,Least Privilege,กำหนดสิทธิ์การเข้าถึงระบบให้น้อยที่สุดเท่าที่จำเป็น,main/IT Policy/MFEC-ISMS-PO-001-ISMS Policy.pdf; main/IT Policy/email-policy.pdf; main/IT Policy/notbook-policy.pdf; main/IT Policy/นโยบายเทคโนโลยีสารสนเทศ 62 (IT-Policy).pdf
a2cd7738-44da-4812-b9bc-6c6ac222fde0,IT Policy,User Password Management,"กำหนดนโยบาย Password ที่แข็งแรง, การเข้ารหัส Password, การใช้ MFA (Multi-Factor Authentication)",main/IT Policy/MFEC-ISMS-PO-001-ISMS Policy.pdf; main/IT Policy/email-policy.pdf; main/IT Policy/notbook-policy.pdf; main/IT Policy/นโยบายเทคโนโลยีสารสนเทศ 62 (IT-Policy).pdf
b4e2dd82-0cfb-4bd6-82c6-f866fecbc5ae,IT Policy,Network Access Control (NAC),"ควบคุมการเข้าถึงเครือข่าย, WLAN Security, BYOD Security",main/IT Policy/MFEC-ISMS-PO-001-ISMS Policy.pdf; main/IT Policy/email-policy.pdf; main/IT Policy/notbook-policy.pdf; main/IT Policy/นโยบายเทคโนโลยีสารสนเทศ 62 (IT-Policy).pdf
5fab409f-1596-4188-860d-dbf9bca983fb,IT Policy,User Identification and Authentication,ยืนยันตัวตนผู้ใช้งานก่อนเข้าถึงระบบ,main/IT Policy/MFEC-ISMS-PO-001-ISMS Policy.pdf; main/IT Policy/email-policy.pdf; main/IT Policy/notbook-policy.pdf; main/IT Policy/นโยบายเทคโนโลยีสารสนเทศ 62 (IT-Policy).pdf
9c126095-8f8a-451d-9731-86cf5b17d1fa,IT Policy,Operating System Access Control,"ควบคุมการเข้าถึง Operating System, Security Patch, Multi-User/Multi-Identity Profiles",main/IT Policy/MFEC-ISMS-PO-001-ISMS Policy.pdf; main/IT Policy/email-policy.pdf; main/IT Policy/notbook-policy.pdf; main/IT Policy/นโยบายเทคโนโลยีสารสนเทศ 62 (IT-Policy).pdf
5000824e-750b-44a8-8200-9f68a5f402cb,IT Policy,Security Awareness,"สร้างความตระหนักด้านความปลอดภัยให้กับผู้ใช้งาน, การป้องกัน Malware, การใช้งาน E-mail, Web Application ที่ปลอดภัย",main/IT Policy/MFEC-ISMS-PO-001-ISMS Policy.pdf; main/IT Policy/email-policy.pdf; main/IT Policy/notbook-policy.pdf; main/IT Policy/นโยบายเทคโนโลยีสารสนเทศ 62 (IT-Policy).pdf
db6e9082-4aa0-47c9-a45c-5cdd7421276e,IT Policy,Web Application Security,"ตรวจสอบ Web Application, เข้ารหัสข้อมูล, ควบคุมการเข้าถึง",main/IT Policy/MFEC-ISMS-PO-001-ISMS Policy.pdf; main/IT Policy/email-policy.pdf; main/IT Policy/notbook-policy.pdf; main/IT Policy/นโยบายเทคโนโลยีสารสนเทศ 62 (IT-Policy).pdf
600837fd-cb9f-4db0-be48-e1f4bcc7271f,IT Policy,Remote Diagnostic and Configuration Port Protection,"ป้องกัน Port ที่ใช้ในการ Remote Diagnostic และ Configuration, กำหนด Password ที่แข็งแรง, ปิด Port ที่ไม่ได้ใช้งาน",main/IT Policy/MFEC-ISMS-PO-001-ISMS Policy.pdf; main/IT Policy/email-policy.pdf; main/IT Policy/notbook-policy.pdf; main/IT Policy/นโยบายเทคโนโลยีสารสนเทศ 62 (IT-Policy).pdf
199a19fd-b42e-4f8b-b1e2-cc7696692400,IT Policy,Network Routing Control,"ควบคุมการ Routing ของ Network, Router Configuration Security",main/IT Policy/MFEC-ISMS-PO-001-ISMS Policy.pdf; main/IT Policy/email-policy.pdf; main/IT Policy/notbook-policy.pdf; main/IT Policy/นโยบายเทคโนโลยีสารสนเทศ 62 (IT-Policy).pdf
8c148086-53c2-47a4-bc33-4411c97d11e7,IT Policy,Mobile Device Security,กำหนดมาตรการรักษาความปลอดภัยสำหรับอุปกรณ์ Mobile,main/IT Policy/MFEC-ISMS-PO-001-ISMS Policy.pdf; main/IT Policy/email-policy.pdf; main/IT Policy/notbook-policy.pdf; main/IT Policy/นโยบายเทคโนโลยีสารสนเทศ 62 (IT-Policy).pdf
584d6c53-eb9f-4f23-9bcf-4862f18148c1,IT Policy,System Security Event,การรายงานเหตุการณ์ด้านความปลอดภัย,main/IT Policy/MFEC-ISMS-PO-001-ISMS Policy.pdf; main/IT Policy/email-policy.pdf; main/IT Policy/notbook-policy.pdf; main/IT Policy/นโยบายเทคโนโลยีสารสนเทศ 62 (IT-Policy).pdf
eb7fb5fa-d681-4457-8c56-6514f57ab577,IT Policy,Acceptable Use Policy (AUP),กำหนดแนวทางการใช้งาน IT Resources ที่ยอมรับได้,main/IT Policy/MFEC-ISMS-PO-001-ISMS Policy.pdf; main/IT Policy/email-policy.pdf; main/IT Policy/notbook-policy.pdf; main/IT Policy/นโยบายเทคโนโลยีสารสนเทศ 62 (IT-Policy).pdf
07a7bac9-0ad1-49a3-a610-e1c7218504f8,IT Policy,Inventory of Assets,"การจัดทำบัญชีทรัพย์สิน IT, การกำหนด Ownership",main/IT Policy/MFEC-ISMS-PO-001-ISMS Policy.pdf; main/IT Policy/email-policy.pdf; main/IT Policy/notbook-policy.pdf; main/IT Policy/นโยบายเทคโนโลยีสารสนเทศ 62 (IT-Policy).pdf
cea95a27-1c0a-4d2f-81e9-fc55e62c7d7c,IT Policy,Data Disposal,"การทำลายข้อมูลอย่างปลอดภัย, การล้างข้อมูล",main/IT Policy/MFEC-ISMS-PO-001-ISMS Policy.pdf; main/IT Policy/email-policy.pdf; main/IT Policy/notbook-policy.pdf; main/IT Policy/นโยบายเทคโนโลยีสารสนเทศ 62 (IT-Policy).pdf
75f71d4d-598b-41d7-88f3-668ec73d26b1,IT Policy,Vendor Due Diligence,การตรวจสอบ Supplier ก่อนทำสัญญา,main/IT Policy/MFEC-ISMS-PO-001-ISMS Policy.pdf; main/IT Policy/email-policy.pdf; main/IT Policy/notbook-policy.pdf; main/IT Policy/นโยบายเทคโนโลยีสารสนเทศ 62 (IT-Policy).pdf
13ce11a7-88e1-4d72-b043-c8131b5e35be,IT Policy,Password Policy,นโยบายการตั้งรหัสผ่าน,main/IT Policy/MFEC-ISMS-PO-001-ISMS Policy.pdf; main/IT Policy/email-policy.pdf; main/IT Policy/notbook-policy.pdf; main/IT Policy/นโยบายเทคโนโลยีสารสนเทศ 62 (IT-Policy).pdf
492e9a28-99a2-40b9-bd27-e7ff3cf68871,IT Policy,e-mail Policy,นโยบายการใช้งาน e-mail ของบริษัท,main/IT Policy/MFEC-ISMS-PO-001-ISMS Policy.pdf; main/IT Policy/email-policy.pdf; main/IT Policy/notbook-policy.pdf; main/IT Policy/นโยบายเทคโนโลยีสารสนเทศ 62 (IT-Policy).pdf
d8330425-fa0b-4ea2-85e5-b6a8bf96a2c0,IT Policy,Standard Software License,ข้อมูล Standard Software License ที่บริษัทใช้งาน,main/IT Policy/MFEC-ISMS-PO-001-ISMS Policy.pdf; main/IT Policy/email-policy.pdf; main/IT Policy/notbook-policy.pdf; main/IT Policy/นโยบายเทคโนโลยีสารสนเทศ 62 (IT-Policy).pdf
